Redirect from,Redirect to
/tools/chemical-safety-checker/,https://tool.purewearspace.com/tools/chemical-safety-checker/
/tools/chemical-safety-checker,https://tool.purewearspace.com/tools/chemical-safety-checker/
/tools/cleaning-checklist/,https://tool.purewearspace.com/tools/cleaning-checklist/
/tools/cleaning-checklist,https://tool.purewearspace.com/tools/cleaning-checklist/
/tools/cleaning-quote-calculator/,https://tool.purewearspace.com/tools/cleaning-quote-calculator/
/tools/cleaning-quote-calculator,https://tool.purewearspace.com/tools/cleaning-quote-calculator/
/tools/dilution-calculator/,https://tool.purewearspace.com/tools/dilution-calculator/
/tools/dilution-calculator,https://tool.purewearspace.com/tools/dilution-calculator/
/tools/expense-tracker/,https://tool.purewearspace.com/tools/expense-tracker/
/tools/expense-tracker,https://tool.purewearspace.com/tools/expense-tracker/
/tools/hourly-pay-calculator/,https://tool.purewearspace.com/tools/hourly-pay-calculator/
/tools/hourly-pay-calculator,https://tool.purewearspace.com/tools/hourly-pay-calculator/
/tools/inventory-tracker/,https://tool.purewearspace.com/tools/inventory-tracker/
/tools/inventory-tracker,https://tool.purewearspace.com/tools/inventory-tracker/
/tools/message-template-generator/,https://tool.purewearspace.com/tools/message-template-generator/
/tools/message-template-generator,https://tool.purewearspace.com/tools/message-template-generator/
/tools/mixing-guide/,https://tool.purewearspace.com/tools/mixing-guide/
/tools/mixing-guide,https://tool.purewearspace.com/tools/mixing-guide/
/tools/performance-review/,https://tool.purewearspace.com/tools/performance-review/
/tools/performance-review,https://tool.purewearspace.com/tools/performance-review/
/tools/schedule-generator/,https://tool.purewearspace.com/tools/schedule-generator/
/tools/schedule-generator,https://tool.purewearspace.com/tools/schedule-generator/
/tools/service-agreement/,https://tool.purewearspace.com/tools/service-agreement/
/tools/service-agreement,https://tool.purewearspace.com/tools/service-agreement/
/tools/time-estimator/,https://tool.purewearspace.com/tools/time-estimator/
/tools/time-estimator,https://tool.purewearspace.com/tools/time-estimator/
/tools/tip-calculator/,https://tool.purewearspace.com/tools/tip-calculator/
/tools/tip-calculator,https://tool.purewearspace.com/tools/tip-calculator/
